[
    {
        "calories": 105.0,
        "id": "apple",
        "keywords": [
            "apple",
            "fruit"
        ]
    },
    {
        "calories": 160.0,
        "id": "avocado",
        "keywords": [
            "avocado",
            "fruit",
            "healthy fat"
        ]
    },
    {
        "calories": 89.0,
        "id": "banana",
        "keywords": [
            "banana",
            "fruit"
        ]
    },
    {
        "calories": 180.0,
        "id": "beef",
        "keywords": [
            "beef",
            "meat",
            "protein"
        ]
    },
    {
        "calories": 45.0,
        "id": "carrot",
        "keywords": [
            "carrot",
            "vegetable",
            "root"
        ]
    },
    {
        "calories": 220.0,
        "id": "chicken_breast",
        "keywords": [
            "chicken",
            "meat",
            "protein"
        ]
    },
    {
        "calories": 250.0,
        "id": "chocolate",
        "keywords": [
            "chocolate",
            "sweet",
            "dessert"
        ]
    },
    {
        "calories": 65.0,
        "id": "egg",
        "keywords": [
            "egg",
            "protein"
        ]
    },
    {
        "calories": 110.0,
        "id": "greek_yogurt",
        "keywords": [
            "yogurt",
            "greek",
            "dairy",
            "protein"
        ]
    },
    {
        "calories": 100.0,
        "id": "milk",
        "keywords": [
            "milk",
            "dairy",
            "beverage"
        ]
    },
    {
        "calories": 95.0,
        "id": "oats",
        "keywords": [
            "oats",
            "grain",
            "breakfast",
            "fiber"
        ]
    },
    {
        "calories": 60.0,
        "id": "orange",
        "keywords": [
            "orange",
            "fruit",
            "citrus"
        ]
    },
    {
        "calories": 140.0,
        "id": "pasta",
        "keywords": [
            "pasta",
            "noodles",
            "carb"
        ]
    },
    {
        "calories": 170.0,
        "id": "peanut_butter",
        "keywords": [
            "peanut butter",
            "spread",
            "protein",
            "fat"
        ]
    },
    {
        "calories": 115.0,
        "id": "potato",
        "keywords": [
            "potato",
            "vegetable",
            "starch"
        ]
    },
    {
        "calories": 120.0,
        "id": "rice",
        "keywords": [
            "rice",
            "grain",
            "carb"
        ]
    },
    {
        "calories": 250.0,
        "id": "salmon",
        "keywords": [
            "salmon",
            "fish",
            "seafood",
            "protein"
        ]
    },
    {
        "calories": 25.0,
        "id": "spinach",
        "keywords": [
            "spinach",
            "vegetable",
            "greens"
        ]
    }
]
